Time (s),Target Speed,Current Position,Current Speed,Target Degree
1.430511474609375e-06,-4921.987719330291,230.86737060546875,-7.932321986751169,-2066.2012182864837
