Time (s),Target Speed,Current Position,Current Speed,Target Degree
9.5367431640625e-07,730.2462005235376,-172.0,40.14398721304729,290.3397590624677
