Time (s),Target Speed,Current Position,Current Speed,Target Degree
2.6226043701171875e-06,6412.330285691179,-213.5,-0.04464303766756303,2770.2045711532337
