Time (s),Target Speed,Current Position,Current Speed,Target Degree
9.5367431640625e-07,-2908.8369114243637,234.5,17.205507632606306,-1217.5288703752171
