Time (s),Target Speed,Current Position,Current Speed,Target Degree
1.430511474609375e-06,4245.054585247143,-200.05196380615234,-1.123863642223265,1852.5149240639644
