Time (s),Target Speed,Current Position,Current Speed,Target Degree
1.1920928955078125e-06,4129.85122835775,-194.5,-279.640856469624,1917.4681525950105
